Carabinero,Especialidad,zce
1,1,1
1,2,0
1,3,0
1,4,0
1,5,0
1,6,0
2,1,1
2,2,0
2,3,0
2,4,0
2,5,0
2,6,0
3,1,1
3,2,0
3,3,0
3,4,0
3,5,0
3,6,0
4,1,1
4,2,0
4,3,0
4,4,0
4,5,0
4,6,0
5,1,1
5,2,0
5,3,0
5,4,0
5,5,0
5,6,0
6,1,1
6,2,0
6,3,0
6,4,0
6,5,0
6,6,0
7,1,1
7,2,0
7,3,0
7,4,0
7,5,0
7,6,0
8,1,1
8,2,0
8,3,0
8,4,0
8,5,0
8,6,0
9,1,1
9,2,0
9,3,0
9,4,0
9,5,0
9,6,0
10,1,1
10,2,0
10,3,0
10,4,0
10,5,0
10,6,0
11,1,1
11,2,0
11,3,0
11,4,0
11,5,0
11,6,0
12,1,1
12,2,0
12,3,0
12,4,0
12,5,0
12,6,0
13,1,1
13,2,0
13,3,0
13,4,0
13,5,0
13,6,0
14,1,1
14,2,0
14,3,0
14,4,0
14,5,0
14,6,0
15,1,1
15,2,0
15,3,0
15,4,0
15,5,0
15,6,0
16,1,1
16,2,0
16,3,0
16,4,0
16,5,0
16,6,0
17,1,1
17,2,0
17,3,0
17,4,0
17,5,0
17,6,0
18,1,1
18,2,0
18,3,0
18,4,0
18,5,0
18,6,0
19,1,1
19,2,0
19,3,0
19,4,0
19,5,0
19,6,0
20,1,1
20,2,0
20,3,0
20,4,0
20,5,0
20,6,0
21,1,1
21,2,0
21,3,0
21,4,0
21,5,0
21,6,0
22,1,1
22,2,0
22,3,0
22,4,0
22,5,0
22,6,0
23,1,1
23,2,0
23,3,0
23,4,0
23,5,0
23,6,0
24,1,1
24,2,0
24,3,0
24,4,0
24,5,0
24,6,0
25,1,1
25,2,0
25,3,0
25,4,0
25,5,0
25,6,0
26,1,1
26,2,0
26,3,0
26,4,0
26,5,0
26,6,0
27,1,1
27,2,0
27,3,0
27,4,0
27,5,0
27,6,0
28,1,1
28,2,0
28,3,0
28,4,0
28,5,0
28,6,0
29,1,1
29,2,0
29,3,0
29,4,0
29,5,0
29,6,0
30,1,1
30,2,0
30,3,0
30,4,0
30,5,0
30,6,0
31,1,1
31,2,0
31,3,0
31,4,0
31,5,0
31,6,0
32,1,1
32,2,0
32,3,0
32,4,0
32,5,0
32,6,0
33,1,1
33,2,0
33,3,0
33,4,0
33,5,0
33,6,0
34,1,1
34,2,0
34,3,0
34,4,0
34,5,0
34,6,0
35,1,1
35,2,0
35,3,0
35,4,0
35,5,0
35,6,0
36,1,1
36,2,0
36,3,0
36,4,0
36,5,0
36,6,0
37,1,1
37,2,0
37,3,0
37,4,0
37,5,0
37,6,0
38,1,1
38,2,0
38,3,0
38,4,0
38,5,0
38,6,0
39,1,1
39,2,0
39,3,0
39,4,0
39,5,0
39,6,0
40,1,1
40,2,0
40,3,0
40,4,0
40,5,0
40,6,0
41,1,1
41,2,0
41,3,0
41,4,0
41,5,0
41,6,0
42,1,1
42,2,0
42,3,0
42,4,0
42,5,0
42,6,0
43,1,1
43,2,0
43,3,0
43,4,0
43,5,0
43,6,0
44,1,1
44,2,0
44,3,0
44,4,0
44,5,0
44,6,0
45,1,1
45,2,0
45,3,0
45,4,0
45,5,0
45,6,0
46,1,1
46,2,0
46,3,0
46,4,0
46,5,0
46,6,0
47,1,1
47,2,0
47,3,0
47,4,0
47,5,0
47,6,0
48,1,1
48,2,0
48,3,0
48,4,0
48,5,0
48,6,0
49,1,1
49,2,0
49,3,0
49,4,0
49,5,0
49,6,0
50,1,1
50,2,0
50,3,0
50,4,0
50,5,0
50,6,0
51,1,1
51,2,0
51,3,0
51,4,0
51,5,0
51,6,0
52,1,1
52,2,0
52,3,0
52,4,0
52,5,0
52,6,0
53,1,1
53,2,0
53,3,0
53,4,0
53,5,0
53,6,0
54,1,1
54,2,0
54,3,0
54,4,0
54,5,0
54,6,0
55,1,1
55,2,0
55,3,0
55,4,0
55,5,0
55,6,0
56,1,1
56,2,0
56,3,0
56,4,0
56,5,0
56,6,0
57,1,1
57,2,0
57,3,0
57,4,0
57,5,0
57,6,0
58,1,1
58,2,0
58,3,0
58,4,0
58,5,0
58,6,0
59,1,1
59,2,0
59,3,0
59,4,0
59,5,0
59,6,0
60,1,1
60,2,0
60,3,0
60,4,0
60,5,0
60,6,0
61,1,1
61,2,0
61,3,0
61,4,0
61,5,0
61,6,0
62,1,1
62,2,0
62,3,0
62,4,0
62,5,0
62,6,0
63,1,1
63,2,0
63,3,0
63,4,0
63,5,0
63,6,0
64,1,1
64,2,0
64,3,0
64,4,0
64,5,0
64,6,0
65,1,1
65,2,0
65,3,0
65,4,0
65,5,0
65,6,0
66,1,1
66,2,0
66,3,0
66,4,0
66,5,0
66,6,0
67,1,1
67,2,0
67,3,0
67,4,0
67,5,0
67,6,0
68,1,1
68,2,0
68,3,0
68,4,0
68,5,0
68,6,0
69,1,1
69,2,0
69,3,0
69,4,0
69,5,0
69,6,0
70,1,1
70,2,0
70,3,0
70,4,0
70,5,0
70,6,0
71,1,1
71,2,0
71,3,0
71,4,0
71,5,0
71,6,0
72,1,1
72,2,0
72,3,0
72,4,0
72,5,0
72,6,0
73,1,1
73,2,0
73,3,0
73,4,0
73,5,0
73,6,0
74,1,1
74,2,0
74,3,0
74,4,0
74,5,0
74,6,0
75,1,1
75,2,0
75,3,0
75,4,0
75,5,0
75,6,0
76,1,1
76,2,0
76,3,0
76,4,0
76,5,0
76,6,0
77,1,1
77,2,0
77,3,0
77,4,0
77,5,0
77,6,0
78,1,1
78,2,0
78,3,0
78,4,0
78,5,0
78,6,0
79,1,1
79,2,0
79,3,0
79,4,0
79,5,0
79,6,0
80,1,1
80,2,0
80,3,0
80,4,0
80,5,0
80,6,0
81,1,1
81,2,0
81,3,0
81,4,0
81,5,0
81,6,0
82,1,1
82,2,0
82,3,0
82,4,0
82,5,0
82,6,0
83,1,1
83,2,0
83,3,0
83,4,0
83,5,0
83,6,0
84,1,1
84,2,0
84,3,0
84,4,0
84,5,0
84,6,0
85,1,1
85,2,0
85,3,0
85,4,0
85,5,0
85,6,0
86,1,1
86,2,0
86,3,0
86,4,0
86,5,0
86,6,0
87,1,1
87,2,0
87,3,0
87,4,0
87,5,0
87,6,0
88,1,1
88,2,0
88,3,0
88,4,0
88,5,0
88,6,0
89,1,1
89,2,0
89,3,0
89,4,0
89,5,0
89,6,0
90,1,1
90,2,0
90,3,0
90,4,0
90,5,0
90,6,0
91,1,1
91,2,0
91,3,0
91,4,0
91,5,0
91,6,0
92,1,1
92,2,0
92,3,0
92,4,0
92,5,0
92,6,0
93,1,1
93,2,0
93,3,0
93,4,0
93,5,0
93,6,0
94,1,1
94,2,0
94,3,0
94,4,0
94,5,0
94,6,0
95,1,1
95,2,0
95,3,0
95,4,0
95,5,0
95,6,0
96,1,1
96,2,0
96,3,0
96,4,0
96,5,0
96,6,0
97,1,1
97,2,0
97,3,0
97,4,0
97,5,0
97,6,0
98,1,1
98,2,0
98,3,0
98,4,0
98,5,0
98,6,0
99,1,1
99,2,0
99,3,0
99,4,0
99,5,0
99,6,0
100,1,1
100,2,0
100,3,0
100,4,0
100,5,0
100,6,0
101,1,1
101,2,0
101,3,0
101,4,0
101,5,0
101,6,0
102,1,1
102,2,0
102,3,0
102,4,0
102,5,0
102,6,0
103,1,1
103,2,0
103,3,0
103,4,0
103,5,0
103,6,0
104,1,1
104,2,0
104,3,0
104,4,0
104,5,0
104,6,0
105,1,1
105,2,0
105,3,0
105,4,0
105,5,0
105,6,0
106,1,1
106,2,0
106,3,0
106,4,0
106,5,0
106,6,0
107,1,1
107,2,0
107,3,0
107,4,0
107,5,0
107,6,0
108,1,1
108,2,0
108,3,0
108,4,0
108,5,0
108,6,0
109,1,1
109,2,0
109,3,0
109,4,0
109,5,0
109,6,0
110,1,1
110,2,0
110,3,0
110,4,0
110,5,0
110,6,0
111,1,1
111,2,0
111,3,0
111,4,0
111,5,0
111,6,0
112,1,1
112,2,0
112,3,0
112,4,0
112,5,0
112,6,0
113,1,1
113,2,0
113,3,0
113,4,0
113,5,0
113,6,0
114,1,1
114,2,0
114,3,0
114,4,0
114,5,0
114,6,0
115,1,1
115,2,0
115,3,0
115,4,0
115,5,0
115,6,0
116,1,1
116,2,0
116,3,0
116,4,0
116,5,0
116,6,0
117,1,1
117,2,0
117,3,0
117,4,0
117,5,0
117,6,0
118,1,1
118,2,0
118,3,0
118,4,0
118,5,0
118,6,0
119,1,1
119,2,0
119,3,0
119,4,0
119,5,0
119,6,0
120,1,1
120,2,0
120,3,0
120,4,0
120,5,0
120,6,0
121,1,1
121,2,0
121,3,0
121,4,0
121,5,0
121,6,0
122,1,1
122,2,0
122,3,0
122,4,0
122,5,0
122,6,0
123,1,1
123,2,0
123,3,0
123,4,0
123,5,0
123,6,0
124,1,1
124,2,0
124,3,0
124,4,0
124,5,0
124,6,0
125,1,1
125,2,0
125,3,0
125,4,0
125,5,0
125,6,0
126,1,1
126,2,0
126,3,0
126,4,0
126,5,0
126,6,0
127,1,1
127,2,0
127,3,0
127,4,0
127,5,0
127,6,0
128,1,1
128,2,0
128,3,0
128,4,0
128,5,0
128,6,0
129,1,1
129,2,0
129,3,0
129,4,0
129,5,0
129,6,0
130,1,1
130,2,0
130,3,0
130,4,0
130,5,0
130,6,0
131,1,1
131,2,0
131,3,0
131,4,0
131,5,0
131,6,0
132,1,1
132,2,0
132,3,0
132,4,0
132,5,0
132,6,0
133,1,1
133,2,0
133,3,0
133,4,0
133,5,0
133,6,0
134,1,1
134,2,0
134,3,0
134,4,0
134,5,0
134,6,0
135,1,1
135,2,0
135,3,0
135,4,0
135,5,0
135,6,0
136,1,1
136,2,0
136,3,0
136,4,0
136,5,0
136,6,0
137,1,1
137,2,0
137,3,0
137,4,0
137,5,0
137,6,0
138,1,1
138,2,0
138,3,0
138,4,0
138,5,0
138,6,0
139,1,1
139,2,0
139,3,0
139,4,0
139,5,0
139,6,0
140,1,1
140,2,0
140,3,0
140,4,0
140,5,0
140,6,0
141,1,1
141,2,0
141,3,0
141,4,0
141,5,0
141,6,0
142,1,1
142,2,0
142,3,0
142,4,0
142,5,0
142,6,0
143,1,1
143,2,0
143,3,0
143,4,0
143,5,0
143,6,0
144,1,1
144,2,0
144,3,0
144,4,0
144,5,0
144,6,0
145,1,1
145,2,0
145,3,0
145,4,0
145,5,0
145,6,0
146,1,1
146,2,0
146,3,0
146,4,0
146,5,0
146,6,0
147,1,1
147,2,0
147,3,0
147,4,0
147,5,0
147,6,0
148,1,1
148,2,0
148,3,0
148,4,0
148,5,0
148,6,0
149,1,1
149,2,0
149,3,0
149,4,0
149,5,0
149,6,0
150,1,1
150,2,0
150,3,0
150,4,0
150,5,0
150,6,0
151,1,1
151,2,0
151,3,0
151,4,0
151,5,0
151,6,0
152,1,1
152,2,0
152,3,0
152,4,0
152,5,0
152,6,0
153,1,1
153,2,0
153,3,0
153,4,0
153,5,0
153,6,0
154,1,1
154,2,0
154,3,0
154,4,0
154,5,0
154,6,0
155,1,1
155,2,0
155,3,0
155,4,0
155,5,0
155,6,0
156,1,1
156,2,0
156,3,0
156,4,0
156,5,0
156,6,0
157,1,1
157,2,0
157,3,0
157,4,0
157,5,0
157,6,0
158,1,1
158,2,0
158,3,0
158,4,0
158,5,0
158,6,0
159,1,1
159,2,0
159,3,0
159,4,0
159,5,0
159,6,0
160,1,1
160,2,0
160,3,0
160,4,0
160,5,0
160,6,0
161,1,1
161,2,0
161,3,0
161,4,0
161,5,0
161,6,0
162,1,1
162,2,0
162,3,0
162,4,0
162,5,0
162,6,0
163,1,1
163,2,0
163,3,0
163,4,0
163,5,0
163,6,0
164,1,1
164,2,0
164,3,0
164,4,0
164,5,0
164,6,0
165,1,1
165,2,0
165,3,0
165,4,0
165,5,0
165,6,0
166,1,1
166,2,0
166,3,0
166,4,0
166,5,0
166,6,0
167,1,1
167,2,0
167,3,0
167,4,0
167,5,0
167,6,0
168,1,1
168,2,0
168,3,0
168,4,0
168,5,0
168,6,0
169,1,1
169,2,0
169,3,0
169,4,0
169,5,0
169,6,0
170,1,1
170,2,0
170,3,0
170,4,0
170,5,0
170,6,0
171,1,1
171,2,0
171,3,0
171,4,0
171,5,0
171,6,0
172,1,1
172,2,0
172,3,0
172,4,0
172,5,0
172,6,0
173,1,1
173,2,0
173,3,0
173,4,0
173,5,0
173,6,0
174,1,1
174,2,0
174,3,0
174,4,0
174,5,0
174,6,0
175,1,1
175,2,0
175,3,0
175,4,0
175,5,0
175,6,0
176,1,1
176,2,0
176,3,0
176,4,0
176,5,0
176,6,0
177,1,1
177,2,0
177,3,0
177,4,0
177,5,0
177,6,0
178,1,1
178,2,0
178,3,0
178,4,0
178,5,0
178,6,0
179,1,1
179,2,0
179,3,0
179,4,0
179,5,0
179,6,0
180,1,1
180,2,0
180,3,0
180,4,0
180,5,0
180,6,0
181,1,1
181,2,0
181,3,0
181,4,0
181,5,0
181,6,0
182,1,1
182,2,0
182,3,0
182,4,0
182,5,0
182,6,0
183,1,1
183,2,0
183,3,0
183,4,0
183,5,0
183,6,0
184,1,1
184,2,0
184,3,0
184,4,0
184,5,0
184,6,0
185,1,1
185,2,0
185,3,0
185,4,0
185,5,0
185,6,0
186,1,1
186,2,0
186,3,0
186,4,0
186,5,0
186,6,0
187,1,1
187,2,0
187,3,0
187,4,0
187,5,0
187,6,0
188,1,1
188,2,0
188,3,0
188,4,0
188,5,0
188,6,0
189,1,1
189,2,0
189,3,0
189,4,0
189,5,0
189,6,0
190,1,1
190,2,0
190,3,0
190,4,0
190,5,0
190,6,0
191,1,1
191,2,0
191,3,0
191,4,0
191,5,0
191,6,0
192,1,1
192,2,0
192,3,0
192,4,0
192,5,0
192,6,0
193,1,1
193,2,0
193,3,0
193,4,0
193,5,0
193,6,0
194,1,1
194,2,0
194,3,0
194,4,0
194,5,0
194,6,0
195,1,1
195,2,0
195,3,0
195,4,0
195,5,0
195,6,0
196,1,1
196,2,0
196,3,0
196,4,0
196,5,0
196,6,0
197,1,1
197,2,0
197,3,0
197,4,0
197,5,0
197,6,0
198,1,1
198,2,0
198,3,0
198,4,0
198,5,0
198,6,0
199,1,1
199,2,0
199,3,0
199,4,0
199,5,0
199,6,0
200,1,1
200,2,0
200,3,0
200,4,0
200,5,0
200,6,0
201,1,1
201,2,0
201,3,0
201,4,0
201,5,0
201,6,0
202,1,1
202,2,0
202,3,0
202,4,0
202,5,0
202,6,0
203,1,1
203,2,0
203,3,0
203,4,0
203,5,0
203,6,0
204,1,1
204,2,0
204,3,0
204,4,0
204,5,0
204,6,0
205,1,1
205,2,0
205,3,0
205,4,0
205,5,0
205,6,0
206,1,1
206,2,0
206,3,0
206,4,0
206,5,0
206,6,0
207,1,1
207,2,0
207,3,0
207,4,0
207,5,0
207,6,0
208,1,1
208,2,0
208,3,0
208,4,0
208,5,0
208,6,0
209,1,1
209,2,0
209,3,0
209,4,0
209,5,0
209,6,0
210,1,1
210,2,0
210,3,0
210,4,0
210,5,0
210,6,0
211,1,1
211,2,0
211,3,0
211,4,0
211,5,0
211,6,0
212,1,1
212,2,0
212,3,0
212,4,0
212,5,0
212,6,0
213,1,1
213,2,0
213,3,0
213,4,0
213,5,0
213,6,0
214,1,1
214,2,0
214,3,0
214,4,0
214,5,0
214,6,0
215,1,1
215,2,0
215,3,0
215,4,0
215,5,0
215,6,0
216,1,1
216,2,0
216,3,0
216,4,0
216,5,0
216,6,0
217,1,1
217,2,0
217,3,0
217,4,0
217,5,0
217,6,0
218,1,1
218,2,0
218,3,0
218,4,0
218,5,0
218,6,0
219,1,1
219,2,0
219,3,0
219,4,0
219,5,0
219,6,0
220,1,1
220,2,0
220,3,0
220,4,0
220,5,0
220,6,0
221,1,1
221,2,0
221,3,0
221,4,0
221,5,0
221,6,0
222,1,1
222,2,0
222,3,0
222,4,0
222,5,0
222,6,0
223,1,1
223,2,0
223,3,0
223,4,0
223,5,0
223,6,0
224,1,1
224,2,0
224,3,0
224,4,0
224,5,0
224,6,0
225,1,1
225,2,0
225,3,0
225,4,0
225,5,0
225,6,0
226,1,1
226,2,0
226,3,0
226,4,0
226,5,0
226,6,0
227,1,1
227,2,0
227,3,0
227,4,0
227,5,0
227,6,0
228,1,1
228,2,0
228,3,0
228,4,0
228,5,0
228,6,0
229,1,1
229,2,0
229,3,0
229,4,0
229,5,0
229,6,0
230,1,1
230,2,0
230,3,0
230,4,0
230,5,0
230,6,0
231,1,1
231,2,0
231,3,0
231,4,0
231,5,0
231,6,0
232,1,1
232,2,0
232,3,0
232,4,0
232,5,0
232,6,0
233,1,1
233,2,0
233,3,0
233,4,0
233,5,0
233,6,0
234,1,1
234,2,0
234,3,0
234,4,0
234,5,0
234,6,0
235,1,1
235,2,0
235,3,0
235,4,0
235,5,0
235,6,0
236,1,1
236,2,0
236,3,0
236,4,0
236,5,0
236,6,0
237,1,1
237,2,0
237,3,0
237,4,0
237,5,0
237,6,0
238,1,1
238,2,0
238,3,0
238,4,0
238,5,0
238,6,0
239,1,1
239,2,0
239,3,0
239,4,0
239,5,0
239,6,0
240,1,1
240,2,0
240,3,0
240,4,0
240,5,0
240,6,0
241,1,1
241,2,0
241,3,0
241,4,0
241,5,0
241,6,0
242,1,1
242,2,0
242,3,0
242,4,0
242,5,0
242,6,0
243,1,1
243,2,0
243,3,0
243,4,0
243,5,0
243,6,0
244,1,1
244,2,0
244,3,0
244,4,0
244,5,0
244,6,0
245,1,1
245,2,0
245,3,0
245,4,0
245,5,0
245,6,0
246,1,1
246,2,0
246,3,0
246,4,0
246,5,0
246,6,0
247,1,1
247,2,0
247,3,0
247,4,0
247,5,0
247,6,0
248,1,1
248,2,0
248,3,0
248,4,0
248,5,0
248,6,0
249,1,1
249,2,0
249,3,0
249,4,0
249,5,0
249,6,0
250,1,1
250,2,0
250,3,0
250,4,0
250,5,0
250,6,0
251,1,1
251,2,0
251,3,0
251,4,0
251,5,0
251,6,0
252,1,1
252,2,0
252,3,0
252,4,0
252,5,0
252,6,0
253,1,1
253,2,0
253,3,0
253,4,0
253,5,0
253,6,0
254,1,1
254,2,0
254,3,0
254,4,0
254,5,0
254,6,0
255,1,1
255,2,0
255,3,0
255,4,0
255,5,0
255,6,0
256,1,1
256,2,0
256,3,0
256,4,0
256,5,0
256,6,0
257,1,1
257,2,0
257,3,0
257,4,0
257,5,0
257,6,0
258,1,1
258,2,0
258,3,0
258,4,0
258,5,0
258,6,0
259,1,1
259,2,0
259,3,0
259,4,0
259,5,0
259,6,0
260,1,1
260,2,0
260,3,0
260,4,0
260,5,0
260,6,0
261,1,1
261,2,0
261,3,0
261,4,0
261,5,0
261,6,0
262,1,1
262,2,0
262,3,0
262,4,0
262,5,0
262,6,0
263,1,1
263,2,0
263,3,0
263,4,0
263,5,0
263,6,0
264,1,1
264,2,0
264,3,0
264,4,0
264,5,0
264,6,0
265,1,1
265,2,0
265,3,0
265,4,0
265,5,0
265,6,0
266,1,1
266,2,0
266,3,0
266,4,0
266,5,0
266,6,0
267,1,1
267,2,0
267,3,0
267,4,0
267,5,0
267,6,0
268,1,1
268,2,0
268,3,0
268,4,0
268,5,0
268,6,0
269,1,1
269,2,0
269,3,0
269,4,0
269,5,0
269,6,0
270,1,1
270,2,0
270,3,0
270,4,0
270,5,0
270,6,0
271,1,1
271,2,0
271,3,0
271,4,0
271,5,0
271,6,0
272,1,1
272,2,0
272,3,0
272,4,0
272,5,0
272,6,0
273,1,1
273,2,0
273,3,0
273,4,0
273,5,0
273,6,0
274,1,1
274,2,0
274,3,0
274,4,0
274,5,0
274,6,0
275,1,1
275,2,0
275,3,0
275,4,0
275,5,0
275,6,0
276,1,1
276,2,0
276,3,0
276,4,0
276,5,0
276,6,0
277,1,1
277,2,0
277,3,0
277,4,0
277,5,0
277,6,0
278,1,1
278,2,0
278,3,0
278,4,0
278,5,0
278,6,0
279,1,1
279,2,0
279,3,0
279,4,0
279,5,0
279,6,0
280,1,1
280,2,0
280,3,0
280,4,0
280,5,0
280,6,0
281,1,1
281,2,0
281,3,0
281,4,0
281,5,0
281,6,0
282,1,1
282,2,0
282,3,0
282,4,0
282,5,0
282,6,0
283,1,1
283,2,0
283,3,0
283,4,0
283,5,0
283,6,0
284,1,1
284,2,0
284,3,0
284,4,0
284,5,0
284,6,0
285,1,1
285,2,0
285,3,0
285,4,0
285,5,0
285,6,0
286,1,1
286,2,0
286,3,0
286,4,0
286,5,0
286,6,0
287,1,1
287,2,0
287,3,0
287,4,0
287,5,0
287,6,0
288,1,1
288,2,0
288,3,0
288,4,0
288,5,0
288,6,0
289,1,1
289,2,0
289,3,0
289,4,0
289,5,0
289,6,0
290,1,1
290,2,0
290,3,0
290,4,0
290,5,0
290,6,0
291,1,1
291,2,0
291,3,0
291,4,0
291,5,0
291,6,0
292,1,1
292,2,0
292,3,0
292,4,0
292,5,0
292,6,0
293,1,1
293,2,0
293,3,0
293,4,0
293,5,0
293,6,0
294,1,1
294,2,0
294,3,0
294,4,0
294,5,0
294,6,0
295,1,1
295,2,0
295,3,0
295,4,0
295,5,0
295,6,0
296,1,1
296,2,0
296,3,0
296,4,0
296,5,0
296,6,0
297,1,1
297,2,0
297,3,0
297,4,0
297,5,0
297,6,0
298,1,1
298,2,0
298,3,0
298,4,0
298,5,0
298,6,0
299,1,1
299,2,0
299,3,0
299,4,0
299,5,0
299,6,0
300,1,1
300,2,0
300,3,0
300,4,0
300,5,0
300,6,0
301,1,0
301,2,1
301,3,0
301,4,0
301,5,0
301,6,0
302,1,0
302,2,1
302,3,0
302,4,0
302,5,0
302,6,0
303,1,0
303,2,1
303,3,0
303,4,0
303,5,0
303,6,0
304,1,0
304,2,1
304,3,0
304,4,0
304,5,0
304,6,0
305,1,0
305,2,1
305,3,0
305,4,0
305,5,0
305,6,0
306,1,0
306,2,1
306,3,0
306,4,0
306,5,0
306,6,0
307,1,0
307,2,1
307,3,0
307,4,0
307,5,0
307,6,0
308,1,0
308,2,1
308,3,0
308,4,0
308,5,0
308,6,0
309,1,0
309,2,1
309,3,0
309,4,0
309,5,0
309,6,0
310,1,0
310,2,1
310,3,0
310,4,0
310,5,0
310,6,0
311,1,0
311,2,1
311,3,0
311,4,0
311,5,0
311,6,0
312,1,0
312,2,1
312,3,0
312,4,0
312,5,0
312,6,0
313,1,0
313,2,1
313,3,0
313,4,0
313,5,0
313,6,0
314,1,0
314,2,1
314,3,0
314,4,0
314,5,0
314,6,0
315,1,0
315,2,1
315,3,0
315,4,0
315,5,0
315,6,0
316,1,0
316,2,1
316,3,0
316,4,0
316,5,0
316,6,0
317,1,0
317,2,1
317,3,0
317,4,0
317,5,0
317,6,0
318,1,0
318,2,1
318,3,0
318,4,0
318,5,0
318,6,0
319,1,0
319,2,1
319,3,0
319,4,0
319,5,0
319,6,0
320,1,0
320,2,1
320,3,0
320,4,0
320,5,0
320,6,0
321,1,0
321,2,1
321,3,0
321,4,0
321,5,0
321,6,0
322,1,0
322,2,1
322,3,0
322,4,0
322,5,0
322,6,0
323,1,0
323,2,1
323,3,0
323,4,0
323,5,0
323,6,0
324,1,0
324,2,1
324,3,0
324,4,0
324,5,0
324,6,0
325,1,0
325,2,1
325,3,0
325,4,0
325,5,0
325,6,0
326,1,0
326,2,1
326,3,0
326,4,0
326,5,0
326,6,0
327,1,0
327,2,1
327,3,0
327,4,0
327,5,0
327,6,0
328,1,0
328,2,1
328,3,0
328,4,0
328,5,0
328,6,0
329,1,0
329,2,1
329,3,0
329,4,0
329,5,0
329,6,0
330,1,0
330,2,1
330,3,0
330,4,0
330,5,0
330,6,0
331,1,0
331,2,1
331,3,0
331,4,0
331,5,0
331,6,0
332,1,0
332,2,1
332,3,0
332,4,0
332,5,0
332,6,0
333,1,0
333,2,1
333,3,0
333,4,0
333,5,0
333,6,0
334,1,0
334,2,1
334,3,0
334,4,0
334,5,0
334,6,0
335,1,0
335,2,1
335,3,0
335,4,0
335,5,0
335,6,0
336,1,0
336,2,1
336,3,0
336,4,0
336,5,0
336,6,0
337,1,0
337,2,1
337,3,0
337,4,0
337,5,0
337,6,0
338,1,0
338,2,1
338,3,0
338,4,0
338,5,0
338,6,0
339,1,0
339,2,1
339,3,0
339,4,0
339,5,0
339,6,0
340,1,0
340,2,1
340,3,0
340,4,0
340,5,0
340,6,0
341,1,0
341,2,1
341,3,0
341,4,0
341,5,0
341,6,0
342,1,0
342,2,1
342,3,0
342,4,0
342,5,0
342,6,0
343,1,0
343,2,1
343,3,0
343,4,0
343,5,0
343,6,0
344,1,0
344,2,1
344,3,0
344,4,0
344,5,0
344,6,0
345,1,0
345,2,1
345,3,0
345,4,0
345,5,0
345,6,0
346,1,0
346,2,1
346,3,0
346,4,0
346,5,0
346,6,0
347,1,0
347,2,1
347,3,0
347,4,0
347,5,0
347,6,0
348,1,0
348,2,1
348,3,0
348,4,0
348,5,0
348,6,0
349,1,0
349,2,1
349,3,0
349,4,0
349,5,0
349,6,0
350,1,0
350,2,1
350,3,0
350,4,0
350,5,0
350,6,0
351,1,0
351,2,1
351,3,0
351,4,0
351,5,0
351,6,0
352,1,0
352,2,1
352,3,0
352,4,0
352,5,0
352,6,0
353,1,0
353,2,1
353,3,0
353,4,0
353,5,0
353,6,0
354,1,0
354,2,1
354,3,0
354,4,0
354,5,0
354,6,0
355,1,0
355,2,1
355,3,0
355,4,0
355,5,0
355,6,0
356,1,0
356,2,1
356,3,0
356,4,0
356,5,0
356,6,0
357,1,0
357,2,1
357,3,0
357,4,0
357,5,0
357,6,0
358,1,0
358,2,1
358,3,0
358,4,0
358,5,0
358,6,0
359,1,0
359,2,1
359,3,0
359,4,0
359,5,0
359,6,0
360,1,0
360,2,1
360,3,0
360,4,0
360,5,0
360,6,0
361,1,0
361,2,1
361,3,0
361,4,0
361,5,0
361,6,0
362,1,0
362,2,1
362,3,0
362,4,0
362,5,0
362,6,0
363,1,0
363,2,1
363,3,0
363,4,0
363,5,0
363,6,0
364,1,0
364,2,1
364,3,0
364,4,0
364,5,0
364,6,0
365,1,0
365,2,1
365,3,0
365,4,0
365,5,0
365,6,0
366,1,0
366,2,1
366,3,0
366,4,0
366,5,0
366,6,0
367,1,0
367,2,1
367,3,0
367,4,0
367,5,0
367,6,0
368,1,0
368,2,1
368,3,0
368,4,0
368,5,0
368,6,0
369,1,0
369,2,1
369,3,0
369,4,0
369,5,0
369,6,0
370,1,0
370,2,1
370,3,0
370,4,0
370,5,0
370,6,0
371,1,0
371,2,1
371,3,0
371,4,0
371,5,0
371,6,0
372,1,0
372,2,1
372,3,0
372,4,0
372,5,0
372,6,0
373,1,0
373,2,1
373,3,0
373,4,0
373,5,0
373,6,0
374,1,0
374,2,1
374,3,0
374,4,0
374,5,0
374,6,0
375,1,0
375,2,1
375,3,0
375,4,0
375,5,0
375,6,0
376,1,0
376,2,1
376,3,0
376,4,0
376,5,0
376,6,0
377,1,0
377,2,1
377,3,0
377,4,0
377,5,0
377,6,0
378,1,0
378,2,1
378,3,0
378,4,0
378,5,0
378,6,0
379,1,0
379,2,1
379,3,0
379,4,0
379,5,0
379,6,0
380,1,0
380,2,1
380,3,0
380,4,0
380,5,0
380,6,0
381,1,0
381,2,1
381,3,0
381,4,0
381,5,0
381,6,0
382,1,0
382,2,1
382,3,0
382,4,0
382,5,0
382,6,0
383,1,0
383,2,1
383,3,0
383,4,0
383,5,0
383,6,0
384,1,0
384,2,1
384,3,0
384,4,0
384,5,0
384,6,0
385,1,0
385,2,1
385,3,0
385,4,0
385,5,0
385,6,0
386,1,0
386,2,1
386,3,0
386,4,0
386,5,0
386,6,0
387,1,0
387,2,1
387,3,0
387,4,0
387,5,0
387,6,0
388,1,0
388,2,1
388,3,0
388,4,0
388,5,0
388,6,0
389,1,0
389,2,1
389,3,0
389,4,0
389,5,0
389,6,0
390,1,0
390,2,1
390,3,0
390,4,0
390,5,0
390,6,0
391,1,0
391,2,1
391,3,0
391,4,0
391,5,0
391,6,0
392,1,0
392,2,1
392,3,0
392,4,0
392,5,0
392,6,0
393,1,0
393,2,1
393,3,0
393,4,0
393,5,0
393,6,0
394,1,0
394,2,1
394,3,0
394,4,0
394,5,0
394,6,0
395,1,0
395,2,1
395,3,0
395,4,0
395,5,0
395,6,0
396,1,0
396,2,1
396,3,0
396,4,0
396,5,0
396,6,0
397,1,0
397,2,1
397,3,0
397,4,0
397,5,0
397,6,0
398,1,0
398,2,1
398,3,0
398,4,0
398,5,0
398,6,0
399,1,0
399,2,1
399,3,0
399,4,0
399,5,0
399,6,0
400,1,0
400,2,1
400,3,0
400,4,0
400,5,0
400,6,0
401,1,0
401,2,1
401,3,0
401,4,0
401,5,0
401,6,0
402,1,0
402,2,1
402,3,0
402,4,0
402,5,0
402,6,0
403,1,0
403,2,1
403,3,0
403,4,0
403,5,0
403,6,0
404,1,0
404,2,1
404,3,0
404,4,0
404,5,0
404,6,0
405,1,0
405,2,1
405,3,0
405,4,0
405,5,0
405,6,0
406,1,0
406,2,1
406,3,0
406,4,0
406,5,0
406,6,0
407,1,0
407,2,1
407,3,0
407,4,0
407,5,0
407,6,0
408,1,0
408,2,1
408,3,0
408,4,0
408,5,0
408,6,0
409,1,0
409,2,1
409,3,0
409,4,0
409,5,0
409,6,0
410,1,0
410,2,1
410,3,0
410,4,0
410,5,0
410,6,0
411,1,0
411,2,1
411,3,0
411,4,0
411,5,0
411,6,0
412,1,0
412,2,1
412,3,0
412,4,0
412,5,0
412,6,0
413,1,0
413,2,1
413,3,0
413,4,0
413,5,0
413,6,0
414,1,0
414,2,1
414,3,0
414,4,0
414,5,0
414,6,0
415,1,0
415,2,1
415,3,0
415,4,0
415,5,0
415,6,0
416,1,0
416,2,1
416,3,0
416,4,0
416,5,0
416,6,0
417,1,0
417,2,1
417,3,0
417,4,0
417,5,0
417,6,0
418,1,0
418,2,1
418,3,0
418,4,0
418,5,0
418,6,0
419,1,0
419,2,1
419,3,0
419,4,0
419,5,0
419,6,0
420,1,0
420,2,1
420,3,0
420,4,0
420,5,0
420,6,0
421,1,0
421,2,1
421,3,0
421,4,0
421,5,0
421,6,0
422,1,0
422,2,1
422,3,0
422,4,0
422,5,0
422,6,0
423,1,0
423,2,1
423,3,0
423,4,0
423,5,0
423,6,0
424,1,0
424,2,1
424,3,0
424,4,0
424,5,0
424,6,0
425,1,0
425,2,1
425,3,0
425,4,0
425,5,0
425,6,0
426,1,0
426,2,1
426,3,0
426,4,0
426,5,0
426,6,0
427,1,0
427,2,1
427,3,0
427,4,0
427,5,0
427,6,0
428,1,0
428,2,1
428,3,0
428,4,0
428,5,0
428,6,0
429,1,0
429,2,1
429,3,0
429,4,0
429,5,0
429,6,0
430,1,0
430,2,1
430,3,0
430,4,0
430,5,0
430,6,0
431,1,0
431,2,1
431,3,0
431,4,0
431,5,0
431,6,0
432,1,0
432,2,1
432,3,0
432,4,0
432,5,0
432,6,0
433,1,0
433,2,1
433,3,0
433,4,0
433,5,0
433,6,0
434,1,0
434,2,1
434,3,0
434,4,0
434,5,0
434,6,0
435,1,0
435,2,1
435,3,0
435,4,0
435,5,0
435,6,0
436,1,0
436,2,1
436,3,0
436,4,0
436,5,0
436,6,0
437,1,0
437,2,1
437,3,0
437,4,0
437,5,0
437,6,0
438,1,0
438,2,1
438,3,0
438,4,0
438,5,0
438,6,0
439,1,0
439,2,1
439,3,0
439,4,0
439,5,0
439,6,0
440,1,0
440,2,1
440,3,0
440,4,0
440,5,0
440,6,0
441,1,0
441,2,1
441,3,0
441,4,0
441,5,0
441,6,0
442,1,0
442,2,1
442,3,0
442,4,0
442,5,0
442,6,0
443,1,0
443,2,1
443,3,0
443,4,0
443,5,0
443,6,0
444,1,0
444,2,1
444,3,0
444,4,0
444,5,0
444,6,0
445,1,0
445,2,1
445,3,0
445,4,0
445,5,0
445,6,0
446,1,0
446,2,1
446,3,0
446,4,0
446,5,0
446,6,0
447,1,0
447,2,1
447,3,0
447,4,0
447,5,0
447,6,0
448,1,0
448,2,1
448,3,0
448,4,0
448,5,0
448,6,0
449,1,0
449,2,1
449,3,0
449,4,0
449,5,0
449,6,0
450,1,0
450,2,1
450,3,0
450,4,0
450,5,0
450,6,0
451,1,0
451,2,1
451,3,0
451,4,0
451,5,0
451,6,0
452,1,0
452,2,1
452,3,0
452,4,0
452,5,0
452,6,0
453,1,0
453,2,1
453,3,0
453,4,0
453,5,0
453,6,0
454,1,0
454,2,1
454,3,0
454,4,0
454,5,0
454,6,0
455,1,0
455,2,1
455,3,0
455,4,0
455,5,0
455,6,0
456,1,0
456,2,1
456,3,0
456,4,0
456,5,0
456,6,0
457,1,0
457,2,1
457,3,0
457,4,0
457,5,0
457,6,0
458,1,0
458,2,1
458,3,0
458,4,0
458,5,0
458,6,0
459,1,0
459,2,1
459,3,0
459,4,0
459,5,0
459,6,0
460,1,0
460,2,1
460,3,0
460,4,0
460,5,0
460,6,0
461,1,0
461,2,0
461,3,1
461,4,0
461,5,0
461,6,0
462,1,0
462,2,0
462,3,1
462,4,0
462,5,0
462,6,0
463,1,0
463,2,0
463,3,1
463,4,0
463,5,0
463,6,0
464,1,0
464,2,0
464,3,1
464,4,0
464,5,0
464,6,0
465,1,0
465,2,0
465,3,1
465,4,0
465,5,0
465,6,0
466,1,0
466,2,0
466,3,1
466,4,0
466,5,0
466,6,0
467,1,0
467,2,0
467,3,1
467,4,0
467,5,0
467,6,0
468,1,0
468,2,0
468,3,1
468,4,0
468,5,0
468,6,0
469,1,0
469,2,0
469,3,1
469,4,0
469,5,0
469,6,0
470,1,0
470,2,0
470,3,1
470,4,0
470,5,0
470,6,0
471,1,0
471,2,0
471,3,1
471,4,0
471,5,0
471,6,0
472,1,0
472,2,0
472,3,1
472,4,0
472,5,0
472,6,0
473,1,0
473,2,0
473,3,1
473,4,0
473,5,0
473,6,0
474,1,0
474,2,0
474,3,1
474,4,0
474,5,0
474,6,0
475,1,0
475,2,0
475,3,1
475,4,0
475,5,0
475,6,0
476,1,0
476,2,0
476,3,1
476,4,0
476,5,0
476,6,0
477,1,0
477,2,0
477,3,1
477,4,0
477,5,0
477,6,0
478,1,0
478,2,0
478,3,1
478,4,0
478,5,0
478,6,0
479,1,0
479,2,0
479,3,1
479,4,0
479,5,0
479,6,0
480,1,0
480,2,0
480,3,1
480,4,0
480,5,0
480,6,0
481,1,0
481,2,0
481,3,1
481,4,0
481,5,0
481,6,0
482,1,0
482,2,0
482,3,1
482,4,0
482,5,0
482,6,0
483,1,0
483,2,0
483,3,1
483,4,0
483,5,0
483,6,0
484,1,0
484,2,0
484,3,1
484,4,0
484,5,0
484,6,0
485,1,0
485,2,0
485,3,1
485,4,0
485,5,0
485,6,0
486,1,0
486,2,0
486,3,1
486,4,0
486,5,0
486,6,0
487,1,0
487,2,0
487,3,1
487,4,0
487,5,0
487,6,0
488,1,0
488,2,0
488,3,1
488,4,0
488,5,0
488,6,0
489,1,0
489,2,0
489,3,1
489,4,0
489,5,0
489,6,0
490,1,0
490,2,0
490,3,1
490,4,0
490,5,0
490,6,0
491,1,0
491,2,0
491,3,1
491,4,0
491,5,0
491,6,0
492,1,0
492,2,0
492,3,1
492,4,0
492,5,0
492,6,0
493,1,0
493,2,0
493,3,1
493,4,0
493,5,0
493,6,0
494,1,0
494,2,0
494,3,1
494,4,0
494,5,0
494,6,0
495,1,0
495,2,0
495,3,1
495,4,0
495,5,0
495,6,0
496,1,0
496,2,0
496,3,1
496,4,0
496,5,0
496,6,0
497,1,0
497,2,0
497,3,1
497,4,0
497,5,0
497,6,0
498,1,0
498,2,0
498,3,1
498,4,0
498,5,0
498,6,0
499,1,0
499,2,0
499,3,1
499,4,0
499,5,0
499,6,0
500,1,0
500,2,0
500,3,1
500,4,0
500,5,0
500,6,0
501,1,0
501,2,0
501,3,1
501,4,0
501,5,0
501,6,0
502,1,0
502,2,0
502,3,1
502,4,0
502,5,0
502,6,0
503,1,0
503,2,0
503,3,1
503,4,0
503,5,0
503,6,0
504,1,0
504,2,0
504,3,1
504,4,0
504,5,0
504,6,0
505,1,0
505,2,0
505,3,1
505,4,0
505,5,0
505,6,0
506,1,0
506,2,0
506,3,1
506,4,0
506,5,0
506,6,0
507,1,0
507,2,0
507,3,1
507,4,0
507,5,0
507,6,0
508,1,0
508,2,0
508,3,1
508,4,0
508,5,0
508,6,0
509,1,0
509,2,0
509,3,1
509,4,0
509,5,0
509,6,0
510,1,0
510,2,0
510,3,1
510,4,0
510,5,0
510,6,0
511,1,0
511,2,0
511,3,1
511,4,0
511,5,0
511,6,0
512,1,0
512,2,0
512,3,1
512,4,0
512,5,0
512,6,0
513,1,0
513,2,0
513,3,1
513,4,0
513,5,0
513,6,0
514,1,0
514,2,0
514,3,1
514,4,0
514,5,0
514,6,0
515,1,0
515,2,0
515,3,1
515,4,0
515,5,0
515,6,0
516,1,0
516,2,0
516,3,1
516,4,0
516,5,0
516,6,0
517,1,0
517,2,0
517,3,1
517,4,0
517,5,0
517,6,0
518,1,0
518,2,0
518,3,1
518,4,0
518,5,0
518,6,0
519,1,0
519,2,0
519,3,1
519,4,0
519,5,0
519,6,0
520,1,0
520,2,0
520,3,1
520,4,0
520,5,0
520,6,0
521,1,0
521,2,0
521,3,1
521,4,0
521,5,0
521,6,0
522,1,0
522,2,0
522,3,1
522,4,0
522,5,0
522,6,0
523,1,0
523,2,0
523,3,1
523,4,0
523,5,0
523,6,0
524,1,0
524,2,0
524,3,1
524,4,0
524,5,0
524,6,0
525,1,0
525,2,0
525,3,1
525,4,0
525,5,0
525,6,0
526,1,0
526,2,0
526,3,1
526,4,0
526,5,0
526,6,0
527,1,0
527,2,0
527,3,1
527,4,0
527,5,0
527,6,0
528,1,0
528,2,0
528,3,1
528,4,0
528,5,0
528,6,0
529,1,0
529,2,0
529,3,1
529,4,0
529,5,0
529,6,0
530,1,0
530,2,0
530,3,1
530,4,0
530,5,0
530,6,0
531,1,0
531,2,0
531,3,1
531,4,0
531,5,0
531,6,0
532,1,0
532,2,0
532,3,1
532,4,0
532,5,0
532,6,0
533,1,0
533,2,0
533,3,1
533,4,0
533,5,0
533,6,0
534,1,0
534,2,0
534,3,1
534,4,0
534,5,0
534,6,0
535,1,0
535,2,0
535,3,1
535,4,0
535,5,0
535,6,0
536,1,0
536,2,0
536,3,1
536,4,0
536,5,0
536,6,0
537,1,0
537,2,0
537,3,1
537,4,0
537,5,0
537,6,0
538,1,0
538,2,0
538,3,1
538,4,0
538,5,0
538,6,0
539,1,0
539,2,0
539,3,1
539,4,0
539,5,0
539,6,0
540,1,0
540,2,0
540,3,1
540,4,0
540,5,0
540,6,0
541,1,0
541,2,0
541,3,0
541,4,1
541,5,0
541,6,0
542,1,0
542,2,0
542,3,0
542,4,1
542,5,0
542,6,0
543,1,0
543,2,0
543,3,0
543,4,1
543,5,0
543,6,0
544,1,0
544,2,0
544,3,0
544,4,1
544,5,0
544,6,0
545,1,0
545,2,0
545,3,0
545,4,1
545,5,0
545,6,0
546,1,0
546,2,0
546,3,0
546,4,1
546,5,0
546,6,0
547,1,0
547,2,0
547,3,0
547,4,1
547,5,0
547,6,0
548,1,0
548,2,0
548,3,0
548,4,1
548,5,0
548,6,0
549,1,0
549,2,0
549,3,0
549,4,1
549,5,0
549,6,0
550,1,0
550,2,0
550,3,0
550,4,1
550,5,0
550,6,0
551,1,0
551,2,0
551,3,0
551,4,1
551,5,0
551,6,0
552,1,0
552,2,0
552,3,0
552,4,1
552,5,0
552,6,0
553,1,0
553,2,0
553,3,0
553,4,1
553,5,0
553,6,0
554,1,0
554,2,0
554,3,0
554,4,1
554,5,0
554,6,0
555,1,0
555,2,0
555,3,0
555,4,1
555,5,0
555,6,0
556,1,0
556,2,0
556,3,0
556,4,1
556,5,0
556,6,0
557,1,0
557,2,0
557,3,0
557,4,1
557,5,0
557,6,0
558,1,0
558,2,0
558,3,0
558,4,1
558,5,0
558,6,0
559,1,0
559,2,0
559,3,0
559,4,1
559,5,0
559,6,0
560,1,0
560,2,0
560,3,0
560,4,1
560,5,0
560,6,0
561,1,0
561,2,0
561,3,0
561,4,1
561,5,0
561,6,0
562,1,0
562,2,0
562,3,0
562,4,1
562,5,0
562,6,0
563,1,0
563,2,0
563,3,0
563,4,1
563,5,0
563,6,0
564,1,0
564,2,0
564,3,0
564,4,1
564,5,0
564,6,0
565,1,0
565,2,0
565,3,0
565,4,1
565,5,0
565,6,0
566,1,0
566,2,0
566,3,0
566,4,1
566,5,0
566,6,0
567,1,0
567,2,0
567,3,0
567,4,1
567,5,0
567,6,0
568,1,0
568,2,0
568,3,0
568,4,1
568,5,0
568,6,0
569,1,0
569,2,0
569,3,0
569,4,1
569,5,0
569,6,0
570,1,0
570,2,0
570,3,0
570,4,1
570,5,0
570,6,0
571,1,0
571,2,0
571,3,0
571,4,1
571,5,0
571,6,0
572,1,0
572,2,0
572,3,0
572,4,1
572,5,0
572,6,0
573,1,0
573,2,0
573,3,0
573,4,1
573,5,0
573,6,0
574,1,0
574,2,0
574,3,0
574,4,1
574,5,0
574,6,0
575,1,0
575,2,0
575,3,0
575,4,1
575,5,0
575,6,0
576,1,0
576,2,0
576,3,0
576,4,1
576,5,0
576,6,0
577,1,0
577,2,0
577,3,0
577,4,1
577,5,0
577,6,0
578,1,0
578,2,0
578,3,0
578,4,1
578,5,0
578,6,0
579,1,0
579,2,0
579,3,0
579,4,1
579,5,0
579,6,0
580,1,0
580,2,0
580,3,0
580,4,1
580,5,0
580,6,0
581,1,0
581,2,0
581,3,0
581,4,0
581,5,1
581,6,0
582,1,0
582,2,0
582,3,0
582,4,0
582,5,1
582,6,0
583,1,0
583,2,0
583,3,0
583,4,0
583,5,1
583,6,0
584,1,0
584,2,0
584,3,0
584,4,0
584,5,1
584,6,0
585,1,0
585,2,0
585,3,0
585,4,0
585,5,1
585,6,0
586,1,0
586,2,0
586,3,0
586,4,0
586,5,1
586,6,0
587,1,0
587,2,0
587,3,0
587,4,0
587,5,1
587,6,0
588,1,0
588,2,0
588,3,0
588,4,0
588,5,1
588,6,0
589,1,0
589,2,0
589,3,0
589,4,0
589,5,1
589,6,0
590,1,0
590,2,0
590,3,0
590,4,0
590,5,1
590,6,0
591,1,0
591,2,0
591,3,0
591,4,0
591,5,1
591,6,0
592,1,0
592,2,0
592,3,0
592,4,0
592,5,1
592,6,0
593,1,0
593,2,0
593,3,0
593,4,0
593,5,1
593,6,0
594,1,0
594,2,0
594,3,0
594,4,0
594,5,1
594,6,0
595,1,0
595,2,0
595,3,0
595,4,0
595,5,1
595,6,0
596,1,0
596,2,0
596,3,0
596,4,0
596,5,1
596,6,0
597,1,0
597,2,0
597,3,0
597,4,0
597,5,1
597,6,0
598,1,0
598,2,0
598,3,0
598,4,0
598,5,1
598,6,0
599,1,0
599,2,0
599,3,0
599,4,0
599,5,1
599,6,0
600,1,0
600,2,0
600,3,0
600,4,0
600,5,1
600,6,0
601,1,0
601,2,0
601,3,0
601,4,0
601,5,1
601,6,0
602,1,0
602,2,0
602,3,0
602,4,0
602,5,1
602,6,0
603,1,0
603,2,0
603,3,0
603,4,0
603,5,1
603,6,0
604,1,0
604,2,0
604,3,0
604,4,0
604,5,1
604,6,0
605,1,0
605,2,0
605,3,0
605,4,0
605,5,1
605,6,0
606,1,0
606,2,0
606,3,0
606,4,0
606,5,1
606,6,0
607,1,0
607,2,0
607,3,0
607,4,0
607,5,1
607,6,0
608,1,0
608,2,0
608,3,0
608,4,0
608,5,1
608,6,0
609,1,0
609,2,0
609,3,0
609,4,0
609,5,1
609,6,0
610,1,0
610,2,0
610,3,0
610,4,0
610,5,1
610,6,0
611,1,0
611,2,0
611,3,0
611,4,0
611,5,1
611,6,0
612,1,0
612,2,0
612,3,0
612,4,0
612,5,1
612,6,0
613,1,0
613,2,0
613,3,0
613,4,0
613,5,1
613,6,0
614,1,0
614,2,0
614,3,0
614,4,0
614,5,1
614,6,0
615,1,0
615,2,0
615,3,0
615,4,0
615,5,1
615,6,0
616,1,0
616,2,0
616,3,0
616,4,0
616,5,1
616,6,0
617,1,0
617,2,0
617,3,0
617,4,0
617,5,1
617,6,0
618,1,0
618,2,0
618,3,0
618,4,0
618,5,1
618,6,0
619,1,0
619,2,0
619,3,0
619,4,0
619,5,1
619,6,0
620,1,0
620,2,0
620,3,0
620,4,0
620,5,1
620,6,0
621,1,0
621,2,0
621,3,0
621,4,0
621,5,1
621,6,0
622,1,0
622,2,0
622,3,0
622,4,0
622,5,1
622,6,0
623,1,0
623,2,0
623,3,0
623,4,0
623,5,1
623,6,0
624,1,0
624,2,0
624,3,0
624,4,0
624,5,1
624,6,0
625,1,0
625,2,0
625,3,0
625,4,0
625,5,1
625,6,0
626,1,0
626,2,0
626,3,0
626,4,0
626,5,1
626,6,0
627,1,0
627,2,0
627,3,0
627,4,0
627,5,1
627,6,0
628,1,0
628,2,0
628,3,0
628,4,0
628,5,1
628,6,0
629,1,0
629,2,0
629,3,0
629,4,0
629,5,1
629,6,0
630,1,0
630,2,0
630,3,0
630,4,0
630,5,1
630,6,0
631,1,0
631,2,0
631,3,0
631,4,0
631,5,1
631,6,0
632,1,0
632,2,0
632,3,0
632,4,0
632,5,1
632,6,0
633,1,0
633,2,0
633,3,0
633,4,0
633,5,1
633,6,0
634,1,0
634,2,0
634,3,0
634,4,0
634,5,1
634,6,0
635,1,0
635,2,0
635,3,0
635,4,0
635,5,1
635,6,0
636,1,0
636,2,0
636,3,0
636,4,0
636,5,1
636,6,0
637,1,0
637,2,0
637,3,0
637,4,0
637,5,1
637,6,0
638,1,0
638,2,0
638,3,0
638,4,0
638,5,1
638,6,0
639,1,0
639,2,0
639,3,0
639,4,0
639,5,1
639,6,0
640,1,0
640,2,0
640,3,0
640,4,0
640,5,1
640,6,0
641,1,0
641,2,0
641,3,0
641,4,0
641,5,1
641,6,0
642,1,0
642,2,0
642,3,0
642,4,0
642,5,1
642,6,0
643,1,0
643,2,0
643,3,0
643,4,0
643,5,1
643,6,0
644,1,0
644,2,0
644,3,0
644,4,0
644,5,1
644,6,0
645,1,0
645,2,0
645,3,0
645,4,0
645,5,1
645,6,0
646,1,0
646,2,0
646,3,0
646,4,0
646,5,1
646,6,0
647,1,0
647,2,0
647,3,0
647,4,0
647,5,1
647,6,0
648,1,0
648,2,0
648,3,0
648,4,0
648,5,1
648,6,0
649,1,0
649,2,0
649,3,0
649,4,0
649,5,1
649,6,0
650,1,0
650,2,0
650,3,0
650,4,0
650,5,1
650,6,0
651,1,0
651,2,0
651,3,0
651,4,0
651,5,1
651,6,0
652,1,0
652,2,0
652,3,0
652,4,0
652,5,1
652,6,0
653,1,0
653,2,0
653,3,0
653,4,0
653,5,1
653,6,0
654,1,0
654,2,0
654,3,0
654,4,0
654,5,1
654,6,0
655,1,0
655,2,0
655,3,0
655,4,0
655,5,1
655,6,0
656,1,0
656,2,0
656,3,0
656,4,0
656,5,1
656,6,0
657,1,0
657,2,0
657,3,0
657,4,0
657,5,1
657,6,0
658,1,0
658,2,0
658,3,0
658,4,0
658,5,1
658,6,0
659,1,0
659,2,0
659,3,0
659,4,0
659,5,1
659,6,0
660,1,0
660,2,0
660,3,0
660,4,0
660,5,1
660,6,0
661,1,0
661,2,0
661,3,0
661,4,0
661,5,0
661,6,1
662,1,0
662,2,0
662,3,0
662,4,0
662,5,0
662,6,1
663,1,0
663,2,0
663,3,0
663,4,0
663,5,0
663,6,1
664,1,0
664,2,0
664,3,0
664,4,0
664,5,0
664,6,1
665,1,0
665,2,0
665,3,0
665,4,0
665,5,0
665,6,1
666,1,0
666,2,0
666,3,0
666,4,0
666,5,0
666,6,1
667,1,0
667,2,0
667,3,0
667,4,0
667,5,0
667,6,1
668,1,0
668,2,0
668,3,0
668,4,0
668,5,0
668,6,1
669,1,0
669,2,0
669,3,0
669,4,0
669,5,0
669,6,1
670,1,0
670,2,0
670,3,0
670,4,0
670,5,0
670,6,1
671,1,0
671,2,0
671,3,0
671,4,0
671,5,0
671,6,1
672,1,0
672,2,0
672,3,0
672,4,0
672,5,0
672,6,1
673,1,0
673,2,0
673,3,0
673,4,0
673,5,0
673,6,1
674,1,0
674,2,0
674,3,0
674,4,0
674,5,0
674,6,1
675,1,0
675,2,0
675,3,0
675,4,0
675,5,0
675,6,1
676,1,0
676,2,0
676,3,0
676,4,0
676,5,0
676,6,1
677,1,0
677,2,0
677,3,0
677,4,0
677,5,0
677,6,1
678,1,0
678,2,0
678,3,0
678,4,0
678,5,0
678,6,1
679,1,0
679,2,0
679,3,0
679,4,0
679,5,0
679,6,1
680,1,0
680,2,0
680,3,0
680,4,0
680,5,0
680,6,1
681,1,0
681,2,0
681,3,0
681,4,0
681,5,0
681,6,1
682,1,0
682,2,0
682,3,0
682,4,0
682,5,0
682,6,1
683,1,0
683,2,0
683,3,0
683,4,0
683,5,0
683,6,1
684,1,0
684,2,0
684,3,0
684,4,0
684,5,0
684,6,1
685,1,0
685,2,0
685,3,0
685,4,0
685,5,0
685,6,1
686,1,0
686,2,0
686,3,0
686,4,0
686,5,0
686,6,1
687,1,0
687,2,0
687,3,0
687,4,0
687,5,0
687,6,1
688,1,0
688,2,0
688,3,0
688,4,0
688,5,0
688,6,1
689,1,0
689,2,0
689,3,0
689,4,0
689,5,0
689,6,1
690,1,0
690,2,0
690,3,0
690,4,0
690,5,0
690,6,1
691,1,0
691,2,0
691,3,0
691,4,0
691,5,0
691,6,1
692,1,0
692,2,0
692,3,0
692,4,0
692,5,0
692,6,1
693,1,0
693,2,0
693,3,0
693,4,0
693,5,0
693,6,1
694,1,0
694,2,0
694,3,0
694,4,0
694,5,0
694,6,1
695,1,0
695,2,0
695,3,0
695,4,0
695,5,0
695,6,1
696,1,0
696,2,0
696,3,0
696,4,0
696,5,0
696,6,1
697,1,0
697,2,0
697,3,0
697,4,0
697,5,0
697,6,1
698,1,0
698,2,0
698,3,0
698,4,0
698,5,0
698,6,1
699,1,0
699,2,0
699,3,0
699,4,0
699,5,0
699,6,1
700,1,0
700,2,0
700,3,0
700,4,0
700,5,0
700,6,1
201,6,0
202,6,0
203,6,0
204,6,0
205,6,0
206,6,0
207,6,0
208,6,0
209,6,0
210,6,0
211,6,0
212,6,0
213,6,0
214,6,0
215,6,0
216,6,0
217,6,0
218,6,0
219,6,0
220,6,0
221,6,0
222,6,0
223,6,0
224,6,0
225,6,0
226,6,1
227,6,1
228,6,0
229,6,0
230,6,0
231,6,0
232,6,0
233,6,0
234,6,0
235,6,0
236,6,0
237,6,0
238,6,0
239,6,0
240,6,0
241,6,0
242,6,0
243,6,0
244,6,1
245,6,0
246,6,0
247,6,0
248,6,0
249,6,0
250,6,0
251,6,0
252,6,0
253,6,0
254,6,0
255,6,0
256,6,0
257,6,0
258,6,0
259,6,0
260,6,0
261,6,0
262,6,0
263,6,0
264,6,0
265,6,0
266,6,0
267,6,0
268,6,0
269,6,0
270,6,0
271,6,0
272,6,0
273,6,0
274,6,0
275,6,0
276,6,0
277,6,0
278,6,0
279,6,1
280,6,0
281,6,0
282,6,0
283,6,0
284,6,0
285,6,0
286,6,0
287,6,0
288,6,0
289,6,0
290,6,0
291,6,0
292,6,0
293,6,1
294,6,0
295,6,0
296,6,0
297,6,0
298,6,0
299,6,0
300,6,0
301,6,0
302,6,0
303,6,0
304,6,0
305,6,0
306,6,0
307,6,0
308,6,0
309,6,0
310,6,0
311,6,0
312,6,0
313,6,0
314,6,0
315,6,0
316,6,0
317,6,0
318,6,0
319,6,0
320,6,0
321,6,0
322,6,0
323,6,0
324,6,0
325,6,0
326,6,0
327,6,0
328,6,0
329,6,0
330,6,0
331,6,0
332,6,0
333,6,0
334,6,1
335,6,0
336,6,0
337,6,0
338,6,0
339,6,0
340,6,0
341,6,0
342,6,1
343,6,0
344,6,0
345,6,0
346,6,0
347,6,0
348,6,0
349,6,0
350,6,0
351,6,0
352,6,0
353,6,0
354,6,0
355,6,0
356,6,0
357,6,0
358,6,0
359,6,0
360,6,1
361,6,0
362,6,0
363,6,0
364,6,0
365,6,0
366,6,0
367,6,0
368,6,0
369,6,0
370,6,0
371,6,0
372,6,0
373,6,0
374,6,0
375,6,0
376,6,0
377,6,0
378,6,0
379,6,0
380,6,0
381,6,0
382,6,0
383,6,0
384,6,0
385,6,0
386,6,0
387,6,0
388,6,0
389,6,0
390,6,0
391,6,0
392,6,0
393,6,0
394,6,0
395,6,0
396,6,0
397,6,0
398,6,0
399,6,0
400,6,0
401,6,0
402,6,0
403,6,0
404,6,0
405,6,0
406,6,0
407,6,0
408,6,0
409,6,0
410,6,0
411,6,0
412,6,0
413,6,0
414,6,0
415,6,0
416,6,0
417,6,0
418,6,0
419,6,0
420,6,0
421,6,0
422,6,0
423,6,0
424,6,1
425,6,0
426,6,0
427,6,1
428,6,0
429,6,0
430,6,0
431,6,0
432,6,0
433,6,0
434,6,0
435,6,0
436,6,0
437,6,0
438,6,0
439,6,0
440,6,0
441,6,0
442,6,0
443,6,0
444,6,0
445,6,0
446,6,0
447,6,1
448,6,0
449,6,0
450,6,0
451,6,0
452,6,0
453,6,0
454,6,0
455,6,0
456,6,0
457,6,0
458,6,0
459,6,0
460,6,0
461,6,0
462,6,0
463,6,0
464,6,0
465,6,0
466,6,0
467,6,0
468,6,0
469,6,0
470,6,1
471,6,0
472,6,1
473,6,0
474,6,0
475,6,0
476,6,0
477,6,0
478,6,0
479,6,0
480,6,0
481,6,0
482,6,0
483,6,0
484,6,0
485,6,0
486,6,1
487,6,0
488,6,0
489,6,0
490,6,0
491,6,0
492,6,0
493,6,0
494,6,0
495,6,0
496,6,0
497,6,0
498,6,1
499,6,1
500,6,0
501,6,0
502,6,0
503,6,0
504,6,0
505,6,0
506,6,0
507,6,0
508,6,0
509,6,0
510,6,0
511,6,0
512,6,0
513,6,0
514,6,0
515,6,0
516,6,0
517,6,0
518,6,0
519,6,0
520,6,0
521,6,0
522,6,0
523,6,0
524,6,0
525,6,0
526,6,0
527,6,0
528,6,0
529,6,0
530,6,0
531,6,0
532,6,0
533,6,0
534,6,0
535,6,0
536,6,0
537,6,0
538,6,0
539,6,0
540,6,0
541,6,0
542,6,0
543,6,0
544,6,0
545,6,0
546,6,1
547,6,0
548,6,0
549,6,0
550,6,0
551,6,0
552,6,0
553,6,0
554,6,0
555,6,0
556,6,0
557,6,0
558,6,0
559,6,0
560,6,0
561,6,0
562,6,0
563,6,0
564,6,1
565,6,0
566,6,0
567,6,0
568,6,0
569,6,0
570,6,0
571,6,0
572,6,0
573,6,0
574,6,0
575,6,0
576,6,0
577,6,0
578,6,0
579,6,0
580,6,0
581,6,0
582,6,0
583,6,0
584,6,0
585,6,0
586,6,0
587,6,0
588,6,0
589,6,0
590,6,0
591,6,0
592,6,0
593,6,0
594,6,0
595,6,0
596,6,0
597,6,0
598,6,0
599,6,0
600,6,0
601,6,0
602,6,0
603,6,0
604,6,0
605,6,0
606,6,1
607,6,0
608,6,0
609,6,0
610,6,0
611,6,0
612,6,1
613,6,0
614,6,0
615,6,0
616,6,0
617,6,0
618,6,0
619,6,0
620,6,0
621,6,0
622,6,0
623,6,0
624,6,0
625,6,0
626,6,0
627,6,0
628,6,0
629,6,0
630,6,0
631,6,1
632,6,0
633,6,0
634,6,0
635,6,0
636,6,0
637,6,0
638,6,0
639,6,0
640,6,0
641,6,0
642,6,0
643,6,0
644,6,0
645,6,1
646,6,0
647,6,0
648,6,0
649,6,0
650,6,0
651,6,0
652,6,0
653,6,0
654,6,0
655,6,1
656,6,0
657,6,0
658,6,0
659,6,0
660,6,0
661,6,0
662,6,0
663,6,0
664,6,0
665,6,1
666,6,0
667,6,0
668,6,0
669,6,0
670,6,0
671,6,0
672,6,0
673,6,0
674,6,0
675,6,0
676,6,0
677,6,0
678,6,0
679,6,0
680,6,0
681,6,0
682,6,0
683,6,0
684,6,0
685,6,0
686,6,0
687,6,0
688,6,0
689,6,0
690,6,0
691,6,0
692,6,0
693,6,0
694,6,0
695,6,0
696,6,0
697,6,0
698,6,0
699,6,0
700,6,0
701,6,0
702,6,0
703,6,0
704,6,0
705,6,0
706,6,0
707,6,0
708,6,0
709,6,0
710,6,1
711,6,0
712,6,0
713,6,0
714,6,0
715,6,0
716,6,0
717,6,0
718,6,0
719,6,0
720,6,0
721,6,0
722,6,0
723,6,0
724,6,0
725,6,0
726,6,0
727,6,0
728,6,0
729,6,0
730,6,0
731,6,0
732,6,0
733,6,0
734,6,0
735,6,0
736,6,0
737,6,0
738,6,0
739,6,0
740,6,0
741,6,0
742,6,0
743,6,1
744,6,0
745,6,0
746,6,0
747,6,1
748,6,0
749,6,0
750,6,0
751,6,0
752,6,0
753,6,0
754,6,1
755,6,0
756,6,0
757,6,0
758,6,0
759,6,0
760,6,0
761,6,0
762,6,0
763,6,0
764,6,0
765,6,0
766,6,0
767,6,0
768,6,1
769,6,1
770,6,0
771,6,0
772,6,0
773,6,0
774,6,0
775,6,0
776,6,0
777,6,0
778,6,0
779,6,0
780,6,0
781,6,0
782,6,0
783,6,0
784,6,0
785,6,0
786,6,0
787,6,0
788,6,0
789,6,0
790,6,0
791,6,0
792,6,0
793,6,0
794,6,0
795,6,0
796,6,0
797,6,0
798,6,0
799,6,0
800,6,0
